IF OBJECT_ID('FPT_DAOTAO') IS NOT NULL
	DROP DATABASE FPT_DAOTAO
GO
CREATE DATABASE FPT_DAOTAO
GO
USE FPT_DAOTAO
GO
DROP TABLE USERS
DROP TABLE GRADE
DROP TABLE STUDENTS
--CREATE TABLE
CREATE TABLE USERS(
	USERNAME NVARCHAR(50) NOT NULL PRIMARY KEY,
	PASSWORDS NVARCHAR(50) NULL,
	ROLES NVARCHAR(50)  NULL,
)

CREATE TABLE STUDENTS(
	MASV NVARCHAR(50) NOT NULL PRIMARY KEY,
	HOTEN NVARCHAR(50)  NULL,
	EMAIL NVARCHAR(50)  NULL,
	SDT NVARCHAR(15)  NULL,
	GIOITINH BIT  NULL,
	DIACHI NVARCHAR(50)  NULL,
	HINH NVARCHAR(50)  NULL,
)

CREATE TABLE GRADE(
	ID INT NOT NULL PRIMARY KEY,
	MASV NVARCHAR(50)  NULL FOREIGN KEY REFERENCES STUDENTS(MASV),
	TIENGANH  FLOAT  NULL,
	TINHOC FLOAT  NULL,
	GDTC FLOAT  NULL,
)
--NHẬP LIỆU
--USERS
INSERT USERS VALUES(N'trucnv',N'vip123456789',N'Cán bộ')
INSERT USERS VALUES(N'namtv',N'mk958731',N'Giảng viên')
INSERT USERS VALUES(N'thanhlt',N'thanh39579',N'Cán bộ')
INSERT USERS VALUES(N'hungtv',N'user1938372',N'Giảng viên')
INSERT USERS VALUES(N'anhnt',N'anh049327',N'Giảng viên')
--STUDENT
INSERT STUDENTS VALUES(N'PH17923',N'Nguyễn Văn Trức',N'trucnvph@gmail.com',N'0326360127',1,N'Phú Thọ',N'truc.png')
INSERT STUDENTS VALUES(N'PH17924',N'Nguyễn Văn Nam',N'namnvph@gmail.com',N'0909999999',1,N'Hà Nội',N'nam.png')
INSERT STUDENTS VALUES(N'PH17925',N'Lê Thị Thanh',N'thanhltph@gmail.com',N'0939999999',0,N'Phú Thọ',N'thanh.png')
INSERT STUDENTS VALUES(N'PH17926',N'Trần Văn Hùng',N'hungtvph@gmail.com',N'0969999999',1,N'TP Hồ Chí Minh',N'hung.png')
INSERT STUDENTS VALUES(N'PH17928',N'Nguyễn Thị Anh',N'anhntph@gmail.com',N'0919999999',0,N'Đà Nẵng',N'anh.png')
INSERT STUDENTS VALUES(N'PH17929',N'Nguyễn Hoàng Việt',N'vietnhph@gmail.com',N'0919996999',1,N'Đà Nẵng',N'viet.png')
INSERT STUDENTS VALUES(N'PH17930',N'Nguyễn Thị Hương',N'huongntph@gmail.com',N'0919999899',0,N'Phú Thọ',N'huong.png')
INSERT STUDENTS VALUES(N'PH17931',N'Nguyễn Văn Mạnh',N'manhnvph@gmail.com',N'0919999888',1,N'Đà Nẵng',N'manh.png')
INSERT STUDENTS VALUES(N'PH17932',N'Hà Văn Sang',N'sanghvph@gmail.com',N'0919996699',1,N'Hà Nội',N'sang.png')
INSERT STUDENTS VALUES(N'PH17933',N'Nguyễn Thị Thu Trang',N'trangnttph@gmail.com',N'0919444999',0,N'Phú Thọ',N'trang.png')
--GRADE
INSERT GRADE VALUES(1234,N'PH17923',8.62,8.22,9.12)
INSERT GRADE VALUES(1111,N'PH17924',7.68,6.25,8.12)
INSERT GRADE VALUES(4321,N'PH17925',8.62,9.25,7.25)
INSERT GRADE VALUES(2222,N'PH17926',5.65,8.22,7.12)
INSERT GRADE VALUES(3333,N'PH17928',7.24,5.22,9.12)
INSERT GRADE VALUES(4444,N'PH17929',6.62,4.55,9.55)
INSERT GRADE VALUES(1324,N'PH17930',8.65,8.62,8.25)
INSERT GRADE VALUES(2413,N'PH17931',8.88,8.85,9.12)
INSERT GRADE VALUES(1423,N'PH17932',9.92,7.98,9.02)
INSERT GRADE VALUES(2314,N'PH17933',8.02,9.05,9.12)


SELECT *FROM STUDENTS
SELECT *FROM GRADE
SELECT *FROM USERS
  
